category,role,function,arguments,sender,tx_hash,status,block_number,gas_used,effective_gas_price_wei,fee_wei,fee_native,submitted_at_utc,confirmed_at_utc,confirmation_seconds
Deployment,Regulator,constructor,initial_regulator=regulator,0x0DEcB4d4A5946462823C83AAf5c7dfaE560B6193,0xb020b2640cf17cded9889e1e27871c72e13766f32a174d8d988ffb1ca1b24f0b,1,11662075,3058108,4004846045,12247251728982860,0.012247251728982860,2026-09-08T16:00:13Z,2026-09-08T16:00:39Z,25.79
Governance,Regulator,setHospital,"account=hospital,enabled=true",0x0DEcB4d4A5946462823C83AAf5c7dfaE560B6193,0x7c7eed5ea7a242ea7d9736d4cc8c5be4d4060fc3d964056be5dca02bd01f2272,1,11662076,61946,4128141379,255721845863534,0.000255721845863534,2026-09-08T16:00:40Z,2026-09-08T16:00:49Z,8.787
Governance,Regulator,setMedicalTeam,"account=medical_team,enabled=true",0x0DEcB4d4A5946462823C83AAf5c7dfaE560B6193,0x58ace006c757c0e75b937dc21a8dd3f20b8e28dda573a5edc66d24cacb56fcd3,1,11662077,62518,4060516204,253855352041672,0.000253855352041672,2026-09-08T16:00:50Z,2026-09-08T16:01:01Z,10.922
Governance,Regulator,setEthicsCommittee,"account=ethics_committee,enabled=true",0x0DEcB4d4A5946462823C83AAf5c7dfaE560B6193,0x32c5a257879bc948cf73e5cc55bb7a0ac256dea7b238bb9e8c09dac9bbc903f7,1,11662078,62888,4155303710,261318739714480,0.000261318739714480,2026-09-08T16:01:02Z,2026-09-08T16:01:15Z,13.028
Governance,Regulator,setDecisionService,"account=decision_service,enabled=true",0x0DEcB4d4A5946462823C83AAf5c7dfaE560B6193,0x2c22bf3dacc63798dfade6247bc6032677cc744fb178ebcf597db61f3069019e,1,11662079,62320,4091066210,254955246207200,0.000254955246207200,2026-09-08T16:01:16Z,2026-09-08T16:01:26Z,10.917
Identity binding,Regulator,registerDonorAuthority,donor_id=1,0x0DEcB4d4A5946462823C83AAf5c7dfaE560B6193,0x46346f5614470997f2965100fbfd279d46abc003266a525f356cde9bf3be51ed,1,11662080,84020,4215390358,354177097879160,0.000354177097879160,2026-09-08T16:01:27Z,2026-09-08T16:01:38Z,10.895
Identity binding,Regulator,registerRecipientAddress,recipient_id=1,0x0DEcB4d4A5946462823C83AAf5c7dfaE560B6193,0x1279611b5ac427ee0cc1a6e5810d4f77aef82fbe399ffa928f156410b13c55b7,1,11662081,84064,4139968769,348022334597216,0.000348022334597216,2026-09-08T16:01:39Z,2026-09-08T16:01:48Z,8.867
Identity binding,Regulator,registerRecipientAddress,recipient_id=2,0x0DEcB4d4A5946462823C83AAf5c7dfaE560B6193,0x5c42a9df3ef0f761d60f47576ce28ce866be789763421a560bc744684b904828,1,11662082,66964,4090027497,273884601309108,0.000273884601309108,2026-09-08T16:01:49Z,2026-09-08T16:02:02Z,13.034
Identity binding,Regulator,registerRecipientAddress,recipient_id=3,0x0DEcB4d4A5946462823C83AAf5c7dfaE560B6193,0x232ec9ad1e99f09486ffd68ae9fcb54a992987118603144da0770ce97d5a0229,1,11662083,66964,4187794820,280431492326480,0.000280431492326480,2026-09-08T16:02:03Z,2026-09-08T16:02:24Z,21.54
Identity binding,Regulator,registerRecipientAddress,recipient_id=4,0x0DEcB4d4A5946462823C83AAf5c7dfaE560B6193,0x59b50d91bb3aa3bc5df19bef09f87064a447b78afffd81e28be3236ac2e997b0,1,11662084,66964,4149378735,277858997610540,0.000277858997610540,2026-09-08T16:02:25Z,2026-09-08T16:02:38Z,13.047
Identity binding,Regulator,registerRecipientAddress,recipient_id=5,0x0DEcB4d4A5946462823C83AAf5c7dfaE560B6193,0xfd66823faf0a741536ac292b387d4da7239d901f9bc048813d52e89009809a81,1,11662085,66952,4095295835,274188246744920,0.000274188246744920,2026-09-08T16:02:39Z,2026-09-08T16:02:50Z,10.91
Identity binding,Regulator,registerRecipientAddress,recipient_id=6,0x0DEcB4d4A5946462823C83AAf5c7dfaE560B6193,0x028b0f2e95c9f91f1af1c3ad4521f11994d11f01ae02d8236867c349b8ca132a,1,11662086,66964,4175188392,279587315481888,0.000279587315481888,2026-09-08T16:02:51Z,2026-09-08T16:03:02Z,10.902
Identity binding,Regulator,registerRecipientAddress,recipient_id=7,0x0DEcB4d4A5946462823C83AAf5c7dfaE560B6193,0xf1b30bc2e1048fddbaa065994c115d81acc49ae8988e957098c0d8cf6da4b314,1,11662087,66964,4127862268,276418168914352,0.000276418168914352,2026-09-08T16:03:03Z,2026-09-08T16:03:14Z,10.953
Identity binding,Regulator,registerRecipientAddress,recipient_id=8,0x0DEcB4d4A5946462823C83AAf5c7dfaE560B6193,0xc9e002e3fcdd4703305f1356a8ebeeaf3a610abdc369b11cd56d63e089f7fe81,1,11662088,66964,4080569824,273251277694336,0.000273251277694336,2026-09-08T16:03:15Z,2026-09-08T16:03:26Z,11.045
Identity binding,Regulator,registerRecipientAddress,recipient_id=9,0x0DEcB4d4A5946462823C83AAf5c7dfaE560B6193,0x5d6fb837f30f5c00245bc29016300c9a4fe2ead741f0317026e5f7b0221d93d1,1,11662089,66952,4156469246,278283928958192,0.000278283928958192,2026-09-08T16:03:27Z,2026-09-08T16:03:38Z,10.92
Identity binding,Regulator,registerRecipientAddress,recipient_id=10,0x0DEcB4d4A5946462823C83AAf5c7dfaE560B6193,0x1f0499903a36c26925c7af5d4e2a990bc160599b0de34a079c90a90290ba72e9,1,11662090,66964,4065084218,272214299574152,0.000272214299574152,2026-09-08T16:03:38Z,2026-09-08T16:03:49Z,10.911
Profile registration,Hospital,registerDonor,"donor_id=1,encrypted_profile_cid=<recorded separately>",0x7A2225f84Da9287FA00D2734b051a7B5108bb8D5,0x8a736f199cfa73d6c3812c79e039854285af6fdad6fd8ed1e0366684b15b54ab,1,11662091,165189,4154358108,686254261502412,0.000686254261502412,2026-09-08T16:03:51Z,2026-09-08T16:04:02Z,10.91
Profile registration,Hospital,registerRecipient,"recipient_id=1,encrypted_profile_cid=<recorded separately>",0x7A2225f84Da9287FA00D2734b051a7B5108bb8D5,0xb78fc781cc6df45dd24d7b434115141150084789dcb5c6ed61893f67e95fa034,1,11662092,165831,4062315480,673657838363880,0.000673657838363880,2026-09-08T16:04:03Z,2026-09-08T16:04:14Z,10.982
Profile registration,Hospital,registerRecipient,"recipient_id=2,encrypted_profile_cid=<recorded separately>",0x7A2225f84Da9287FA00D2734b051a7B5108bb8D5,0x957648b7e2935712c615940afeab3b2cde7d8951e13879bf6b3835b622415f43,1,11662093,165831,4168949481,691341061383711,0.000691341061383711,2026-09-08T16:04:15Z,2026-09-08T16:04:26Z,10.92
Profile registration,Hospital,registerRecipient,"recipient_id=3,encrypted_profile_cid=<recorded separately>",0x7A2225f84Da9287FA00D2734b051a7B5108bb8D5,0xdf50a58028c3d0b12c893bb65df02e3e7891961b23124315c8e4e09e1a5afb55,1,11662094,165831,4126437224,684291211293144,0.000684291211293144,2026-09-08T16:04:27Z,2026-09-08T16:04:37Z,10.951
Profile registration,Hospital,registerRecipient,"recipient_id=4,encrypted_profile_cid=<recorded separately>",0x7A2225f84Da9287FA00D2734b051a7B5108bb8D5,0x90f7aab3f3b806d2144f476020ff9e44e01d73229857ace811f5629c005b53a1,1,11662095,165831,4054351118,672337100249058,0.000672337100249058,2026-09-08T16:04:38Z,2026-09-08T16:04:49Z,10.9
Profile registration,Hospital,registerRecipient,"recipient_id=5,encrypted_profile_cid=<recorded separately>",0x7A2225f84Da9287FA00D2734b051a7B5108bb8D5,0x60174a8f41f19be9ace5c29f62511489f9984b568688ba322c565bce2651c267,1,11662096,165819,4138320660,686212193520540,0.000686212193520540,2026-09-08T16:04:50Z,2026-09-08T16:05:01Z,10.929
Profile registration,Hospital,registerRecipient,"recipient_id=6,encrypted_profile_cid=<recorded separately>",0x7A2225f84Da9287FA00D2734b051a7B5108bb8D5,0x84153ac8ac7ad32e45963193fb8988825086b90b8115dcb65dbb3ded4c5b3f62,1,11662097,165831,4090319239,678301729722609,0.000678301729722609,2026-09-08T16:05:02Z,2026-09-08T16:05:15Z,13.032
Profile registration,Hospital,registerRecipient,"recipient_id=7,encrypted_profile_cid=<recorded separately>",0x7A2225f84Da9287FA00D2734b051a7B5108bb8D5,0x87acb19913957b2d87c93fb3115cea60fc699cf84d214847b03fd1f361ff88ca,1,11662098,165831,4159949342,689848559333202,0.000689848559333202,2026-09-08T16:05:16Z,2026-09-08T16:05:27Z,10.905
Profile registration,Hospital,registerRecipient,"recipient_id=8,encrypted_profile_cid=<recorded separately>",0x7A2225f84Da9287FA00D2734b051a7B5108bb8D5,0xf795e35ab983f4446baa8248679af0c1525ae095f42f52369bd16fc5d99f8fe8,1,11662099,165831,4067861593,674577555828783,0.000674577555828783,2026-09-08T16:05:28Z,2026-09-08T16:05:39Z,10.94
Profile registration,Hospital,registerRecipient,"recipient_id=9,encrypted_profile_cid=<recorded separately>",0x7A2225f84Da9287FA00D2734b051a7B5108bb8D5,0x78f953a3dd9f99d1c960d65bed381a538876316eb2ca07302b3058477087eb16,1,11662100,165819,4169396645,691365182277255,0.000691365182277255,2026-09-08T16:05:39Z,2026-09-08T16:05:50Z,10.895
Profile registration,Hospital,registerRecipient,"recipient_id=10,encrypted_profile_cid=<recorded separately>",0x7A2225f84Da9287FA00D2734b051a7B5108bb8D5,0xf1d5405ac05523975a125131e7c9f874fccb3a46bb4623c25eeab262f63f7207,1,11662101,165831,4108000267,681233792276877,0.000681233792276877,2026-09-08T16:05:51Z,2026-09-08T16:06:02Z,10.92
Workflow eligibility,SyntheticEthicsCommittee,setDonorEligibility,"donor_id=1,eligible=true",0x703f79c5f8c8aE3e5E0A82de4B944D32b4D8197d,0x73922777241b522595e084b4af1399ada49bde3216d4834f6d9b138825a957bc,1,11662102,33970,4049446788,137559707388360,0.000137559707388360,2026-09-08T16:06:03Z,2026-09-08T16:06:14Z,10.901
Workflow eligibility,SyntheticEthicsCommittee,setRecipientEligibility,"recipient_id=1,eligible=true",0x703f79c5f8c8aE3e5E0A82de4B944D32b4D8197d,0xf432c92c26d036f1962530c433587eb02124f09fd34fece73f24d9c19dfe8aca,1,11662103,31158,4139638833,128982866758614,0.000128982866758614,2026-09-08T16:06:15Z,2026-09-08T16:06:26Z,10.915
Workflow eligibility,SyntheticEthicsCommittee,setRecipientEligibility,"recipient_id=2,eligible=true",0x703f79c5f8c8aE3e5E0A82de4B944D32b4D8197d,0xd80982b5d5697f3736751e63137e799703d9ee90999902972e3fdb97dfe0b39b,1,11662104,31158,4075537597,126985600447326,0.000126985600447326,2026-09-08T16:06:27Z,2026-09-08T16:06:38Z,10.945
Workflow eligibility,SyntheticEthicsCommittee,setRecipientEligibility,"recipient_id=3,eligible=true",0x703f79c5f8c8aE3e5E0A82de4B944D32b4D8197d,0x74fa3be276945bf0f0d7a5578b763fe65a202844cf8b7a6f03d69da1048ccca5,1,11662105,31158,4130922293,128711276805294,0.000128711276805294,2026-09-08T16:06:39Z,2026-09-08T16:06:49Z,10.898
Workflow eligibility,SyntheticEthicsCommittee,setRecipientEligibility,"recipient_id=4,eligible=true",0x703f79c5f8c8aE3e5E0A82de4B944D32b4D8197d,0x69c1c81ccd0f4310615155672571069ef945be5b658e34b43058f5fe09d20834,1,11662106,31158,4050709655,126212011430490,0.000126212011430490,2026-09-08T16:06:50Z,2026-09-08T16:07:01Z,10.935
Workflow eligibility,SyntheticEthicsCommittee,setRecipientEligibility,"recipient_id=5,eligible=true",0x703f79c5f8c8aE3e5E0A82de4B944D32b4D8197d,0xf94bb6c32b88946093005b6804843054fb018d6e869be50bf45b6966dbc1e75c,1,11662107,31158,4114824321,128209696193718,0.000128209696193718,2026-09-08T16:07:02Z,2026-09-08T16:07:13Z,10.896
Workflow eligibility,SyntheticEthicsCommittee,setRecipientEligibility,"recipient_id=6,eligible=true",0x703f79c5f8c8aE3e5E0A82de4B944D32b4D8197d,0x073d97d1db8a7da53231403a8596b41c615b81de76324b06c04baa4e0e787613,1,11662108,31158,4026947835,125471640642930,0.000125471640642930,2026-09-08T16:07:14Z,2026-09-08T16:07:25Z,10.906
Workflow eligibility,SyntheticEthicsCommittee,setRecipientEligibility,"recipient_id=7,eligible=true",0x703f79c5f8c8aE3e5E0A82de4B944D32b4D8197d,0x64c1c12ce084004748256edd5f43881d714965df6fd29fdb95026be7c9a39a0a,1,11662109,31158,4045680642,126055317443436,0.000126055317443436,2026-09-08T16:07:26Z,2026-09-08T16:07:39Z,13.083
Workflow eligibility,SyntheticEthicsCommittee,setRecipientEligibility,"recipient_id=8,eligible=true",0x703f79c5f8c8aE3e5E0A82de4B944D32b4D8197d,0x09bdf59151d0369f41e153b51442ef611fb801ee10b5c899429c4d740b894a3b,1,11662110,31158,4005115719,124791395572602,0.000124791395572602,2026-09-08T16:07:40Z,2026-09-08T16:07:48Z,8.78
Workflow eligibility,SyntheticEthicsCommittee,setRecipientEligibility,"recipient_id=9,eligible=true",0x703f79c5f8c8aE3e5E0A82de4B944D32b4D8197d,0x1de9e8de5c6264168b2b58ba9b921c03eabf0a3bfb99973ecd1f10ef991d7720,1,11662111,31158,3996260432,124515482540256,0.000124515482540256,2026-09-08T16:07:49Z,2026-09-08T16:08:00Z,11.163
Workflow eligibility,SyntheticEthicsCommittee,setRecipientEligibility,"recipient_id=10,eligible=true",0x703f79c5f8c8aE3e5E0A82de4B944D32b4D8197d,0xee9b7d6a468bca293cf739c3dafe80348ec34c2013836662ac6c05bb56cdf91e,1,11662112,31158,4120750229,128394335635182,0.000128394335635182,2026-09-08T16:08:01Z,2026-09-08T16:08:12Z,10.919
Match workflow,DecisionService,createMatch,"donor_id=1,primary=6,backup=8,encrypted_decision_cid=<recorded separately>",0xcFa7b45Fe2A50f644F1eB8154C5845685d15669e,0x41eea61b091971bc879be14321d59cef3193a956f075d3e698a5b1a8f4626950,1,11662113,309597,4063832686,1258150408087542,0.001258150408087542,2026-09-08T16:08:13Z,2026-09-08T16:08:26Z,13.025
Match workflow,SyntheticMedicalTeam,approveMedicalTeam,match_id=1,0x8a3bf2894c72c3cA118CB5B85901cEcB6efcFD16,0x5db219547ef3b06bd1a5fb97ed83ab50d6cb4cde6edd10a1da95500fd107f680,1,11662114,75155,4083440257,306890952514835,0.000306890952514835,2026-09-08T16:08:27Z,2026-09-08T16:08:38Z,10.923
Match workflow,Hospital,approveHospital,match_id=1,0x7A2225f84Da9287FA00D2734b051a7B5108bb8D5,0x64a4d073983892a56ddf07153d31dc6ae2728e1d9fba8204e837b65dd7349cc6,1,11662115,57956,4021106879,233047270279324,0.000233047270279324,2026-09-08T16:08:39Z,2026-09-08T16:08:50Z,10.92
Match workflow,DonorAuthority,approveDonorAuthority,match_id=1,0x305c31e71d5b0B257efBce30c247313E8d57F3CD,0x736633ee7b7e55302a0e75df97b43cf1351854a0c7e71a1664622585d1c90082,1,11662116,60188,4102361275,246912920419700,0.000246912920419700,2026-09-08T16:08:51Z,2026-09-08T16:09:02Z,10.941
Match workflow,ActiveRecipient,approveRecipient,match_id=1,0xC08b90e041E4122B6bF4C88810bcC0Ac730eb615,0xd42b3b6d7e73b6ddb1ab5ece0d7c98cc98d4e2c52d1cb61cf680bf30a5cc2b3e,1,11662117,60339,4030271772,243182568450708,0.000243182568450708,2026-09-08T16:09:02Z,2026-09-08T16:09:13Z,10.908
Match workflow,SyntheticEthicsCommittee,approveFinalTransplant,match_id=1,0x703f79c5f8c8aE3e5E0A82de4B944D32b4D8197d,0x183c1b0c2db631a31b1a33a4cc7425b8dfc051df2b491b3c2752183a93b65a9f,1,11662118,58270,4102041362,239025950163740,0.000239025950163740,2026-09-08T16:09:14Z,2026-09-08T16:09:25Z,10.902
Match workflow,SyntheticMedicalTeam,finalizeMatch,match_id=1,0x8a3bf2894c72c3cA118CB5B85901cEcB6efcFD16,0xe1e16d6456716633edec013d0c5d87bf49b746da7aabf1308b486d967a1aa498,1,11662119,63122,4028161951,254265638671022,0.000254265638671022,2026-09-08T16:09:26Z,2026-09-08T16:09:37Z,10.905
