timestamp_utc,role,function,tx_hash,gas_used,notes
2026-03-19T21:31:27Z,Regulator,registerHospital,499f71e5b84ca364a5b48cd99addcf3ccf90aaed93a594a454496b8719fa1b75,47727,
2026-03-19T21:31:38Z,Regulator,registerEthicalCommittee,a95be13938cb17c67cfbdc3ae188b2d1c7b26678a275b2f846724fda9411e35d,47837,
2026-03-19T21:31:51Z,Regulator,registerMedicalTeam,db916d1f5111a9c716846840a26b68be6c8d0644951d3073dfe68c00278c6175,47221,
2026-03-19T21:32:03Z,Regulator,registerLLM,0e1004887309bb62583844ad11f700bdf64eb35d5f4e0c64dd917b37527d5b7f,47507,
2026-03-19T21:32:15Z,Regulator,registerDonorAddress,86f7b58a5eb988a61ac3e8ca62f8a32d7fd8ad960377e94a27eb80f973893602,70250,donorId=1
2026-03-19T21:32:27Z,Regulator,registerRecipientAddress,667ebd49db6f4eb398882d6a3caf5825826bf74e09d304fa89bf63710e3ea24a,70338,recipientId=1
2026-03-19T21:32:40Z,Regulator,registerRecipientAddress,f1a986139502374447ebc7f8ad23d7eeefc5cc95b8fba3796385a83d282c3d50,53238,recipientId=2
2026-03-19T21:32:51Z,Regulator,registerRecipientAddress,3812f1e3c4ae2efababa45d4f54c776fb5c21991587e369b403ca2df55600c7c,53226,recipientId=3
2026-03-19T21:33:04Z,Regulator,registerRecipientAddress,aadc4fe406ef9bbdccc209f1630d6be65c7f2c9d4ddb6d85863b5b585d50a264,53238,recipientId=4
2026-03-19T21:33:15Z,Regulator,registerRecipientAddress,d34d61969e4ec86e76471cd12905e60bb240a63385061a42471aafb42f82cd0b,53238,recipientId=5
2026-03-19T21:33:27Z,Regulator,registerRecipientAddress,077ce15b67b206176d52d9fbc511a2dd51f5108973b935d5990f048e505b7cec,53226,recipientId=6
2026-03-19T21:33:39Z,Regulator,registerRecipientAddress,fb710d389d7423e0b3f4ebf0d62d606e17733d5ddac7db851adcf4c06002521d,53238,recipientId=7
2026-03-19T21:33:51Z,Regulator,registerRecipientAddress,aa0cdbd0cd0c62c7ce8194c7a28c23eb0996bb576af6358c08f5afb66540753e,53238,recipientId=8
2026-03-19T21:34:04Z,Regulator,registerRecipientAddress,115b2599d42285517c51fde88e321b455a304a7a4401760516d7a181b92ce6f0,53238,recipientId=9
2026-03-19T21:34:15Z,Regulator,registerRecipientAddress,f0d55e7e511fbd6867f424c4f7079a4de10abcfb70ad9e31d8fcce35683f86eb,53238,recipientId=10
2026-03-19T21:34:28Z,Hospital,registerDonor,2494d97a7f961ea90a8015cd8c16b8e5d3422a4d7dba6e18cccab427427eec6a,234359,donorId=1
2026-03-19T21:34:38Z,Hospital,registerRecipient,906616145e21cb13e9777f4b9fbc9369031f1018946a06caa58e0c68bfbfba3e,234748,recipientId=1
2026-03-19T21:34:50Z,Hospital,registerRecipient,da2f4fd469f488d05c1199f7dfbe36d3d7dbaef6991103977f2d5ba811f01666,234736,recipientId=2
2026-03-19T21:35:02Z,Hospital,registerRecipient,b24dcbd0d563f113e3f872b7d512cd29ae8aaf39c40ea9272dcb552084763028,234736,recipientId=3
2026-03-19T21:35:14Z,Hospital,registerRecipient,fe829ccf7f43931ed942409ff81a3a7ad57b5c33fdd801e7624629379470b119,234748,recipientId=4
2026-03-19T21:35:26Z,Hospital,registerRecipient,3de143956ab7f67bfb23c43cf0929d9e7d16917540e66a48a80aa42e8e8c37d1,234748,recipientId=5
2026-03-19T21:35:39Z,Hospital,registerRecipient,1c39679b3c3e7cd601387b3ed6fddc7fc0474222169cdb7bce30d51fdad51af4,234748,recipientId=6
2026-03-19T21:35:50Z,Hospital,registerRecipient,06ae2f406205c56b7e4266896c55346eddaaa9b0cb14e039c5496d4ef01e4750,234748,recipientId=7
2026-03-19T21:36:03Z,Hospital,registerRecipient,52a6e366cda4fc27c7ed1e9818e9c16155fd6311cb6752570ef5228d02baa0e5,234748,recipientId=8
2026-03-19T21:36:15Z,Hospital,registerRecipient,c6143b1da8b408b50b628d16921a7f2d983a4f134dc6b2505f31ced890ddfd80,234760,recipientId=9
2026-03-19T21:36:26Z,Hospital,registerRecipient,90d21d10f19f5ebe75da29b763e5be67107782b20929a4b1d6688a27d988098d,234748,recipientId=10
2026-03-19T21:36:38Z,EthicsCommittee,approveDonorEthicalCommittee,c795111cd60cc0337f939d92040c55bd33ee2a3e898d8e0295f96a9c6b557fda,31472,id=1
2026-03-19T21:36:51Z,EthicsCommittee,approveRecipientEthicalCommittee,25d4d543fec0f248ff96c3589782e7b99edf8063317ed20afca64ac091077634,31338,id=1
2026-03-19T21:37:02Z,EthicsCommittee,approveRecipientEthicalCommittee,2347c55629431a52b595d5456c1859e333c6e79fa9959481a03374f513724bdc,31338,id=2
2026-03-19T21:37:14Z,EthicsCommittee,approveRecipientEthicalCommittee,416b6fa9f4c5fc3777aa3051741d1791b496510dd5026972e32431e5a04dd1b4,31338,id=3
2026-03-19T21:37:27Z,EthicsCommittee,approveRecipientEthicalCommittee,57489c29ca2039d5992470f423cac646ddd3e8fc309db36aac0cdc0b66d8dee0,31338,id=4
2026-03-19T21:37:39Z,EthicsCommittee,approveRecipientEthicalCommittee,277998418514bdbe5371a61b660a0e67d3569a0d66f1c4a330a578998b426ba8,31338,id=5
2026-03-19T21:37:50Z,EthicsCommittee,approveRecipientEthicalCommittee,2def132cc80bc3fffbbf314c78f9bae568a0f5256e0cc80c4a7e549d9d94cb77,31338,id=6
2026-03-19T21:38:02Z,EthicsCommittee,approveRecipientEthicalCommittee,358f6fefbb55cbb2dc788a799a3885841a5af57d5799ac0c83caca1950d27e9a,31338,id=7
2026-03-19T21:38:14Z,EthicsCommittee,approveRecipientEthicalCommittee,00cecbf7f35a79c8eaad9762855bf51db604e2cc500302b3531da391a734f95c,31338,id=8
2026-03-19T21:38:26Z,EthicsCommittee,approveRecipientEthicalCommittee,bee54423289b0c9c091bad61848f343fa9ce60c103539a21001c7fe8a82c051a,31338,id=9
2026-03-19T21:38:40Z,EthicsCommittee,approveRecipientEthicalCommittee,49fe3390b05e8ecc88d6053ae36f30bf9e15885a6a401f529422f89d2539127b,31338,id=10
